"Name of College","City","State","Minimum Score Required"
"Abilene Christian University","Abilene","Texas (TX)","3"
"Abraham Baldwin Agricultural College","Tifton","Georgia (GA)","3"
"Adelphi University","Garden City","New York (NY)","4"
"Adrian College","Adrian","Michigan (MI)","4"
"Alabama Agricultural and Mechanical University","Normal","Alabama (AL)","3"
"Alaska Pacific University","Anchorage","Alaska (AK)","3"
"Albany State University","Albany","Georgia (GA)","3"
"Albertus Magnus College","New Haven","Connecticut (CT)","3"
"Albright College","Reading","Pennsylvania (PA)","4"
"Alexandria Technical and Community College","Alexandria","Minnesota (MN)","3"
"Allan Hancock College","Santa Maria","California (CA)","3"
"Allegheny College","Meadville","Pennsylvania (PA)","4"
"Alliant International University","San Diego","California (CA)","3"
"Alma College","Alma","Michigan (MI)","3"
"Alverno College","Milwaukee","Wisconsin (WI)","3"
"American International College","Springfield","Massachusetts (MA)","3"
"American Jewish University","Los Angeles","California (CA)","4"
"American River College","Sacramento","California (CA)","3"
"American University","Washington","District Of Columbia (DC)","5"
"Anderson University","Anderson","South Carolina (SC)","3"
"Anderson University","Anderson","Indiana (IN)","3"
"Andrews University","Berrien Springs","Michigan (MI)","3"
"Anne Arundel Community College","Arnold","Maryland (MD)","3"
"Antelope Valley College","Lancaster","California (CA)","3"
"Appalachian State University","Boone","North Carolina (NC)","3"
"Aquinas College","Nashville","Tennessee (TN)","3"
"Aquinas College","Grand Rapids","Michigan (MI)","3"
"Arcadia University","Glenside","Pennsylvania (PA)","3"
"Arizona State University","Tempe","Arizona (AZ)","3"
"Arizona State University West","Glendale","Arizona (AZ)","3"
"Arkansas Tech University","Russellville","Arkansas (AR)","3"
"Art Academy of Cincinnati","Cincinnati","Ohio (OH)","3"
"Art Center College of Design","Pasadena","California (CA)","4"
"Art Institute of Boston at Lesley University","Boston","Massachusetts (MA)","4"
"Ashland Community And Technical College","Ashland","Kentucky (KY)","3"
"Athens State University","Athens","Alabama (AL)","3"
"Auburn University","Auburn University","Alabama (AL)","3"
"Augsburg University","Minneapolis","Minnesota (MN)","3"
"Augusta University","Augusta","Georgia (GA)","3"
"Augustana College","Rock Island","Illinois (IL)","4"
"Augustana University","Sioux Falls","South Dakota (SD)","4"
"Aurora University","Aurora","Illinois (IL)","3"
"Austin College","Sherman","Texas (TX)","3"
"Austin Community College","Austin","Texas (TX)","2"
"Ave Maria University","Ave Maria","Florida (FL)","3"
"Averett University","Danville","Virginia (VA)","3"
"Avila University","Kansas City","Missouri (MO)","3"
"Azusa Pacific University","Azusa","California (CA)","3"
"Babson College","Babson Park","Massachusetts (MA)","4"
"Baker University","Baldwin City","Kansas (KS)","3"
"Bakersfield College","Bakersfield","California (CA)","3"
"Ball State University","Muncie","Indiana (IN)","3"
"Bard College","Annandale On Hudson","New York (NY)","5"
"Barry University","Miami","Florida (FL)","3"
"Bates College","Lewiston","Maine (ME)","4"
"Bay Path University","Longmeadow","Massachusetts (MA)","3"
"Baylor University","Waco","Texas (TX)","3"
"Beacon College","Leesburg","Florida (FL)","3"
"Belhaven University","Jackson","Mississippi (MS)","3"
"Bellarmine University","Louisville","Kentucky (KY)","3"
"Bellevue College","Bellevue","Washington (WA)","3"
"Bellin College","Green Bay","Wisconsin (WI)","3"
"Beloit College","Beloit","Wisconsin (WI)","4"
"Bemidji State University","Bemidji","Minnesota (MN)","3"
"Benedictine College","Atchison","Kansas (KS)","3"
"Benedictine University","Lisle","Illinois (IL)","3"
"Bennington College","Bennington","Vermont (VT)","4"
"Bentley University","Waltham","Massachusetts (MA)","4"
"Berea College","Berea","Kentucky (KY)","4"
"Berkeley City College","Berkeley","California (CA)","3"
"Berklee College of Music","Boston","Massachusetts (MA)","3"
"Bethany College","Lindsborg","Kansas (KS)","3"
"Bethel University","Mishawaka","Indiana (IN)","3"
"Big Bend Community College","Moses Lake","Washington (WA)","3"
"Big Sandy Community and Technical College","Prestonsburg","Kentucky (KY)","3"
"Biola University","La Mirada","California (CA)","3"
"Black Hawk College","Moline","Illinois (IL)","3"
"Black Hills State University","Spearfish","South Dakota (SD)","3"
"Blue Ridge Community College","Weyers Cave","Virginia (VA)","3"
"Blue Ridge Community and Technical College","Martinsburg","West Virginia (WV)","3"
"Bluegrass Community and Technical College","Lexington","Kentucky (KY)","3"
"Bluffton University","Bluffton","Ohio (OH)","4"
"Boise State University","Boise","Idaho (ID)","3"
"Boston College","Chestnut Hill","Massachusetts (MA)","4"
"Boston University","Boston","Massachusetts (MA)","4"
"Bowling Green State University","Bowling Green","Ohio (OH)","3"
"Bowling Green State University Firelands College","Huron","Ohio (OH)","3"
"Bradley University","Peoria","Illinois (IL)","3"
"Brandeis University","Waltham","Massachusetts (MA)","5"
"BridgeValley Community And Technical College Montgomery","Montgomery","West Virginia (WV)","3"
"Brigham Young University","Provo","Utah (UT)","4"
"Brigham Young University-Hawaii","Laie","Hawaii (HI)","4"
"Brigham Young University-Idaho","Rexburg","Idaho (ID)","3"
"Brightpoint Community College","Chester","Virginia (VA)","3"
"Brookdale Community College","Lincroft","New Jersey (NJ)","3"
"Broward College","Fort Lauderdale","Florida (FL)","3"
"Broward College - North Campus","Coconut Creek","Florida (FL)","3"
"Bryant University","Smithfield","Rhode Island (RI)","4"
"Bryn Athyn College","Bryn Athyn","Pennsylvania (PA)","3"
"Bryn Mawr College","Bryn Mawr","Pennsylvania (PA)","5"
"Buena Vista University","Storm Lake","Iowa (IA)","3"
"Bunker Hill Community College","Charlestown","Massachusetts (MA)","3"
"Butler County Community College","Butler","Pennsylvania (PA)","3"
"Butler University","Indianapolis","Indiana (IN)","4"
"Butte College","Oroville","California (CA)","3"
"CUNY School of Professional Studies","New York","New York (NY)","3"
"Cabrillo College","Aptos","California (CA)","3"
"Cairn University","Langhorne","Pennsylvania (PA)","3"
"Caldwell University","Caldwell","New Jersey (NJ)","3"
"California Baptist University","Riverside","California (CA)","3"
"California College of the Arts","San Francisco","California (CA)","3"
"California Lutheran University","Thousand Oaks","California (CA)","3"
"California Polytechnic State University: San Luis Obispo","San Luis Obispo","California (CA)","3"
"California State Polytechnic University Humboldt","Arcata","California (CA)","3"
"California State Polytechnic University: Pomona","Pomona","California (CA)","3"
"California State University Maritime Academy","Vallejo","California (CA)","3"
"California State University: Bakersfield","Bakersfield","California (CA)","3"
"California State University: Channel Islands","Camarillo","California (CA)","3"
"California State University: Chico","Chico","California (CA)","3"
"California State University: Dominguez Hills","Carson","California (CA)","3"
"California State University: East Bay","Hayward","California (CA)","3"
"California State University: Fresno","Fresno","California (CA)","3"
"California State University: Fullerton","Fullerton","California (CA)","3"
"California State University: Long Beach","Long Beach","California (CA)","3"
"California State University: Los Angeles","Los Angeles","California (CA)","3"
"California State University: Monterey Bay","Seaside","California (CA)","3"
"California State University: Northridge","Northridge","California (CA)","3"
"California State University: Sacramento","Sacramento","California (CA)","3"
"California State University: San Bernardino","San Bernardino","California (CA)","3"
"California State University: San Marcos","San Marcos","California (CA)","3"
"California State University: Stanislaus","Turlock","California (CA)","3"
"Calvin University","Grand Rapids","Michigan (MI)","3"
"Canada College","Redwood City","California (CA)","3"
"Cape Fear Community College","Wilmington","North Carolina (NC)","3"
"Capital University","Columbus","Ohio (OH)","3"
"Carleton College","Northfield","Minnesota (MN)","4"
"Carnegie Mellon University","Pittsburgh","Pennsylvania (PA)","4"
"Carroll College","Helena","Montana (MT)","4"
"Carteret Community College","Morehead City","North Carolina (NC)","3"
"Cascadia College","Bothell","Washington (WA)","3"
"Case Western Reserve University","Cleveland","Ohio (OH)","4"
"Catholic International University","Charles Town","West Virginia (WV)","3"
"Catholic University of America","Washington","District Of Columbia (DC)","2"
"Cedar Crest College","Allentown","Pennsylvania (PA)","4"
"Cedarville University","Cedarville","Ohio (OH)","3"
"Centenary University","Hackettstown","New Jersey (NJ)","3"
"Central Connecticut State University","New Britain","Connecticut (CT)","3"
"Central Maine Community College","Auburn","Maine (ME)","3"
"Central Michigan University","Mount Pleasant","Michigan (MI)","3"
"Central Ohio Technical College","Newark","Ohio (OH)","3"
"Central Oregon Community College","Bend","Oregon (OR)","3"
"Central Piedmont Community College","Charlotte","North Carolina (NC)","3"
"Central State University","Wilberforce","Ohio (OH)","3"
"Central Texas College","Killeen","Texas (TX)","3"
"Century College","Saint Paul","Minnesota (MN)","3"
"Cerritos College","Norwalk","California (CA)","3"
"Cerro Coso Community College","Ridgecrest","California (CA)","3"
"Chabot College","Hayward","California (CA)","3"
"Chaffey College","Rancho Cucamonga","California (CA)","3"
"Chaminade University of Honolulu","Honolulu","Hawaii (HI)","3"
"Chandler-Gilbert Community College","Chandler","Arizona (AZ)","3"
"Chapman University","Orange","California (CA)","3"
"Charles R Drew University of Medicine and Science","Los Angeles","California (CA)","3"
"Charleston Southern University","North Charleston","South Carolina (SC)","3"
"Charter Oak State College","New Britain","Connecticut (CT)","3"
"Chatham University","Pittsburgh","Pennsylvania (PA)","4"
"Chattanooga State Community College","Chattanooga","Tennessee (TN)","3"
"Chemeketa Community College","Salem","Oregon (OR)","3"
"Chestnut Hill College","Philadelphia","Pennsylvania (PA)","3"
"Chicago State University","Chicago","Illinois (IL)","3"
"Chipola College","Marianna","Florida (FL)","3"
"Chowan University","Murfreesboro","North Carolina (NC)","3"
"Christopher Newport University","Newport News","Virginia (VA)","3"
"Cincinnati State Technical and Community College","Cincinnati","Ohio (OH)","3"
"Citrus College","Glendora","California (CA)","3"
"City College of San Francisco","San Francisco","California (CA)","3"
"City University of New York: Baruch College","New York","New York (NY)","3"
"City University of New York: Borough of Manhattan Community College","New York","New York (NY)","3"
"City University of New York: Bronx Community College","Bronx","New York (NY)","3"
"City University of New York: Brooklyn College","Brooklyn","New York (NY)","3"
"City University of New York: CUNY Online","New York","New York (NY)","3"
"City University of New York: City College","New York","New York (NY)","3"
"City University of New York: College of Staten Island","Staten Island","New York (NY)","3"
"City University of New York: Hunter College","New York","New York (NY)","3"
"City University of New York: John Jay College of Criminal Justice","New York","New York (NY)","3"
"City University of New York: Lehman College","Bronx","New York (NY)","3"
"City University of New York: Medgar Evers College","Brooklyn","New York (NY)","3"
"City University of New York: New York City College of Technology","Brooklyn","New York (NY)","3"
"City University of New York: York College","Jamaica","New York (NY)","3"
"Claremont McKenna College","Claremont","California (CA)","4"
"Clark College","Vancouver","Washington (WA)","3"
"Clark State College","Springfield","Ohio (OH)","3"
"Clark University","Worcester","Massachusetts (MA)","4"
"Clarkson University","Potsdam","New York (NY)","4"
"Clemson University","Clemson","South Carolina (SC)","3"
"Cleveland Institute of Art","Cleveland","Ohio (OH)","3"
"Cleveland State Community College","Cleveland","Tennessee (TN)","3"
"Cleveland State University","Cleveland","Ohio (OH)","3"
"Clinton Community College","Plattsburgh","New York (NY)","3"
"Clover Park Technical College","Lakewood","Washington (WA)","3"
"Coastal Carolina Community College","Jacksonville","North Carolina (NC)","3"
"Coastal Carolina University","Conway","South Carolina (SC)","3"
"Coastline Community College","Fountain Valley","California (CA)","3"
"Coconino County Community College","Flagstaff","Arizona (AZ)","3"
"Coe College","Cedar Rapids","Iowa (IA)","4"
"Colby College","Waterville","Maine (ME)","5"
"Colby-Sawyer College","New London","New Hampshire (NH)","3"
"College Of The Florida Keys","Key West","Florida (FL)","3"
"College for Creative Studies","Detroit","Michigan (MI)","3"
"College of Alameda","Alameda","California (CA)","3"
"College of Central Florida","Ocala","Florida (FL)","3"
"College of Charleston","Charleston","South Carolina (SC)","3"
"College of Coastal Georgia","Brunswick","Georgia (GA)","3"
"College of Eastern Idaho","Idaho Falls","Idaho (ID)","3"
"College of Lake County","Grayslake","Illinois (IL)","3"
"College of Marin","Kentfield","California (CA)","3"
"College of San Mateo","San Mateo","California (CA)","3"
"College of Southern Idaho","Twin Falls","Idaho (ID)","3"
"College of Southern Maryland","La Plata","Maryland (MD)","3"
"College of Southern Nevada","Las Vegas","Nevada (NV)","3"
"College of St. Benedict","Saint Joseph","Minnesota (MN)","4"
"College of St. Scholastica","Duluth","Minnesota (MN)","3"
"College of Western Idaho","Nampa","Idaho (ID)","3"
"College of William and Mary","Williamsburg","Virginia (VA)","4"
"College of the Albemarle","Elizabeth City","North Carolina (NC)","3"
"College of the Atlantic","Bar Harbor","Maine (ME)","4"
"College of the Canyons","Valencia","California (CA)","3"
"College of the Desert","Palm Desert","California (CA)","3"
"College of the Holy Cross","Worcester","Massachusetts (MA)","4"
"College of the Sequoias","Visalia","California (CA)","3"
"Colorado College","Colorado Springs","Colorado (CO)","4"
"Colorado Mesa University","Grand Junction","Colorado (CO)","3"
"Colorado Northwestern Community College","Rangely","Colorado (CO)","3"
"Colorado School of Mines","Golden","Colorado (CO)","4"
"Colorado State University","Fort Collins","Colorado (CO)","3"
"Colorado State University: Pueblo","Pueblo","Colorado (CO)","3"
"Columbia Basin College","Pasco","Washington (WA)","3"
"Columbia College","Sonora","California (CA)","3"
"Columbia College","Columbia","South Carolina (SC)","4"
"Columbia College Chicago","Chicago","Illinois (IL)","3"
"Columbia Gorge Community College","The Dalles","Oregon (OR)","3"
"Columbia International University","Columbia","South Carolina (SC)","3"
"Columbia State Community College","Columbia","Tennessee (TN)","3"
"Columbus State Community College Columbus Campus","Columbus","Ohio (OH)","3"
"Columbus State University","Columbus","Georgia (GA)","3"
"Commonwealth University Of Pennsylvania","Bloomsburg","Pennsylvania (PA)","3"
"Commonwealth University Of Pennsylvania Lock Haven","Lock Haven","Pennsylvania (PA)","3"
"Commonwealth University Of Pennsylvania Mansfield","Mansfield","Pennsylvania (PA)","3"
"Community College of Allegheny County","Pittsburgh","Pennsylvania (PA)","3"
"Community College of Baltimore County","Rosedale","Maryland (MD)","3"
"Community College of Baltimore County - Essex","Rosedale","Maryland (MD)","3"
"Community College of Philadelphia","Philadelphia","Pennsylvania (PA)","3"
"Concord University","Athens","West Virginia (WV)","3"
"Concordia College: Moorhead","Moorhead","Minnesota (MN)","3"
"Concordia University","Seward","Nebraska (NE)","3"
"Concordia University Ann Arbor","Ann Arbor","Michigan (MI)","3"
"Concordia University Chicago","River Forest","Illinois (IL)","3"
"Concordia University Irvine","Irvine","California (CA)","3"
"Concordia University St. Paul","Saint Paul","Minnesota (MN)","3"
"Concordia University Wisconsin","Mequon","Wisconsin (WI)","3"
"Connecticut College","New London","Connecticut (CT)","4"
"Contra Costa College","San Pablo","California (CA)","3"
"Copper Mountain College","Joshua Tree","California (CA)","3"
"Corban University","Salem","Oregon (OR)","3"
"Cornerstone University","Grand Rapids","Michigan (MI)","3"
"Cosumnes River College","Sacramento","California (CA)","3"
"Covenant College","Lookout Mountain","Georgia (GA)","4"
"Crafton Hills College","Yucaipa","California (CA)","3"
"Creighton University","Omaha","Nebraska (NE)","3"
"Cuesta College","San Luis Obispo","California (CA)","3"
"Cuyahoga Community College","Cleveland","Ohio (OH)","3"
"Cuyahoga Community College Eastern Campus","Highland Hills","Ohio (OH)","3"
"Cuyahoga Community College Western Campus","Cleveland","Ohio (OH)","3"
"Cuyahoga Community College Westshore Campus","Westlake","Ohio (OH)","3"
"Cuyamaca College","El Cajon","California (CA)","3"
"Cypress College","Cypress","California (CA)","3"
"Daemen University","Buffalo","New York (NY)","3"
"Dakota County Technical College","Rosemount","Minnesota (MN)","3"
"Dakota State University","Madison","South Dakota (SD)","3"
"Dallas Christian College","Dallas","Texas (TX)","3"
"Dallas College: Brookhaven Campus","Dallas","Texas (TX)","3"
"Dallas College: Eastfield Campus","Mesquite","Texas (TX)","3"
"Dallas College: North Lake Campus","Irving","Texas (TX)","3"
"Dallas College: Richland Campus","Dallas","Texas (TX)","3"
"Davenport University","Grand Rapids","Michigan (MI)","3"
"Davidson College","Davidson","North Carolina (NC)","4"
"Davidson Davie Community College","Thomasville","North Carolina (NC)","3"
"Daytona State College","Daytona Beach","Florida (FL)","3"
"De Anza College","Cupertino","California (CA)","3"
"DePaul University","Chicago","Illinois (IL)","3"
"DeSales University","Center Valley","Pennsylvania (PA)","3"
"DeVry University: Decatur","Decatur","Georgia (GA)","3"
"Defiance College","Defiance","Ohio (OH)","4"
"Delaware State University","Dover","Delaware (DE)","3"
"Denison University","Granville","Ohio (OH)","4"
"Diablo Valley College","Pleasant Hill","California (CA)","3"
"Dickinson College","Carlisle","Pennsylvania (PA)","4"
"DigiPen Institute of Technology","Redmond","Washington (WA)","4"
"Doane University","Crete","Nebraska (NE)","3"
"Dominican University New York","Orangeburg","New York (NY)","3"
"Dominican University of California","San Rafael","California (CA)","3"
"Drake University","Des Moines","Iowa (IA)","4"
"Drew University","Madison","New Jersey (NJ)","4"
"Drexel University","Philadelphia","Pennsylvania (PA)","4"
"Drury University","Springfield","Missouri (MO)","3"
"Duke University","Durham","North Carolina (NC)","4"
"Duquesne University","Pittsburgh","Pennsylvania (PA)","3"
"Durham Technical Community College","Durham","North Carolina (NC)","3"
"Earlham College","Richmond","Indiana (IN)","4"
"East Central University","Ada","Oklahoma (OK)","3"
"East Georgia State College","Swainsboro","Georgia (GA)","3"
"East Los Angeles College","Monterey Park","California (CA)","3"
"East Tennessee State University","Johnson City","Tennessee (TN)","3"
"Eastern Arizona College","Thatcher","Arizona (AZ)","3"
"Eastern Connecticut State University","Willimantic","Connecticut (CT)","3"
"Eastern Illinois University","Charleston","Illinois (IL)","3"
"Eastern Kentucky University","Richmond","Kentucky (KY)","3"
"Eastern Maine Community College","Bangor","Maine (ME)","3"
"Eastern Michigan University","Ypsilanti","Michigan (MI)","3"
"Eastern Oregon University","La Grande","Oregon (OR)","3"
"Eastern University","Wayne","Pennsylvania (PA)","3"
"Eastern Washington University","Cheney","Washington (WA)","3"
"Eastman School of Music of the University of Rochester","Rochester","New York (NY)","4"
"Eckerd College","Saint Petersburg","Florida (FL)","4"
"Edison State Community College","Piqua","Ohio (OH)","3"
"Edmonds College","Lynnwood","Washington (WA)","3"
"Elgin Community College","Elgin","Illinois (IL)","3"
"Elizabethtown College","Elizabethtown","Pennsylvania (PA)","4"
"Elizabethtown Community and Technical College","Elizabethtown","Kentucky (KY)","3"
"Elmira College","Elmira","New York (NY)","4"
"Elon University","Elon","North Carolina (NC)","4"
"Embry-Riddle Aeronautical University: Daytona Beach Campus","Daytona Beach","Florida (FL)","3"
"Embry-Riddle Aeronautical University: Prescott Campus","Prescott","Arizona (AZ)","3"
"Embry-Riddle Aeronautical University: Worldwide Campus","Daytona Beach","Florida (FL)","3"
"Emerson College","Boston","Massachusetts (MA)","4"
"Emory And Henry University","Emory","Virginia (VA)","4"
"Emory University","Atlanta","Georgia (GA)","4"
"Empire State University","Saratoga Springs","New York (NY)","3"
"Emporia State University","Emporia","Kansas (KS)","3"
"Endicott College","Beverly","Massachusetts (MA)","3"
"Eugene Lang College The New School for Liberal Arts","New York","New York (NY)","4"
"Eureka College","Eureka","Illinois (IL)","3"
"Everett Community College","Everett","Washington (WA)","3"
"Evergreen State College","Olympia","Washington (WA)","3"
"Evergreen Valley College","San Jose","California (CA)","3"
"Fairleigh Dickinson University","Teaneck","New Jersey (NJ)","3"
"Fairleigh Dickinson University: Florham Campus","Madison","New Jersey (NJ)","3"
"Fashion Institute of Technology","New York","New York (NY)","3"
"Fayetteville Technical Community College","Fayetteville","North Carolina (NC)","3"
"Felician University","Lodi","New Jersey (NJ)","4"
"Ferrum College","Ferrum","Virginia (VA)","3"
"Finger Lakes Community College","Canandaigua","New York (NY)","3"
"Fitchburg State University","Fitchburg","Massachusetts (MA)","3"
"Five Towns College","Dix Hills","New York (NY)","3"
"Florida Agricultural and Mechanical University","Tallahassee","Florida (FL)","3"
"Florida Atlantic University","Boca Raton","Florida (FL)","3"
"Florida College","Temple Terrace","Florida (FL)","3"
"Florida Gulf Coast University","Fort Myers","Florida (FL)","3"
"Florida Institute of Technology","Melbourne","Florida (FL)","3"
"Florida International University","Miami","Florida (FL)","3"
"Florida Polytechnic University","Lakeland","Florida (FL)","3"
"Florida SouthWestern State College","Fort Myers","Florida (FL)","3"
"Florida State College at Jacksonville","Jacksonville","Florida (FL)","3"
"Florida State University","Tallahassee","Florida (FL)","3"
"Folsom Lake College","Folsom","California (CA)","3"
"Fordham University","Bronx","New York (NY)","4"
"Fort Hays State University","Hays","Kansas (KS)","3"
"Fort Lewis College","Durango","Colorado (CO)","3"
"Framingham State University","Framingham","Massachusetts (MA)","3"
"Francis Marion University","Florence","South Carolina (SC)","3"
"Franklin & Marshall College","Lancaster","Pennsylvania (PA)","4"
"Franklin College","Franklin","Indiana (IN)","3"
"Franklin Pierce University","Rindge","New Hampshire (NH)","3"
"Frederick Community College","Frederick","Maryland (MD)","3"
"Fresno City College","Fresno","California (CA)","3"
"Fresno Pacific University","Fresno","California (CA)","3"
"Friends University","Wichita","Kansas (KS)","3"
"Front Range Community College","Westminster","Colorado (CO)","3"
"Front Range Community College Larimer Campus","Fort Collins","Colorado (CO)","3"
"Full Sail University","Winter Park","Florida (FL)","3"
"Fullerton College","Fullerton","California (CA)","3"
"Gallaudet University","Washington","District Of Columbia (DC)","3"
"Garrett College","Mc Henry","Maryland (MD)","3"
"GateWay Community College","Phoenix","Arizona (AZ)","3"
"Gateway Community and Technical College","Florence","Kentucky (KY)","3"
"Gateway Community and Technical College Edgewood","Ft Mitchell","Kentucky (KY)","3"
"Gavilan College","Gilroy","California (CA)","3"
"Geneva College","Beaver Falls","Pennsylvania (PA)","3"
"George Fox University","Newberg","Oregon (OR)","3"
"George Mason University","Fairfax","Virginia (VA)","3"
"George Washington University","Washington","District Of Columbia (DC)","4"
"Georgetown College","Georgetown","Kentucky (KY)","3"
"Georgetown University","Washington","District Of Columbia (DC)","4"
"Georgia College and State University","Milledgeville","Georgia (GA)","3"
"Georgia Gwinnett College","Lawrenceville","Georgia (GA)","4"
"Georgia Institute Of Technology","Atlanta","Georgia (GA)","3"
"Georgia Military College","Milledgeville","Georgia (GA)","3"
"Georgia Southern University","Statesboro","Georgia (GA)","3"
"Georgia State University","Atlanta","Georgia (GA)","3"
"Georgian Court University","Lakewood","New Jersey (NJ)","3"
"Germanna Community College","Locust Grove","Virginia (VA)","3"
"Glendale Community College","Glendale","Arizona (AZ)","3"
"Glendale Community College","Glendale","California (CA)","3"
"Golden West College","Huntington Beach","California (CA)","3"
"Gonzaga University","Spokane","Washington (WA)","4"
"Gordon College","Wenham","Massachusetts (MA)","3"
"Governors State University","University Park","Illinois (IL)","3"
"Grand Canyon University","Phoenix","Arizona (AZ)","3"
"Grand Rapids Community College","Grand Rapids","Michigan (MI)","3"
"Grand Valley State University","Allendale","Michigan (MI)","3"
"Grand View University","Des Moines","Iowa (IA)","3"
"Great Falls College Montana State University","Great Falls","Montana (MT)","3"
"Green River College","Auburn","Washington (WA)","3"
"Greenfield Community College","Greenfield","Massachusetts (MA)","3"
"Greenville Technical College","Greenville","South Carolina (SC)","3"
"Greenville University","Greenville","Illinois (IL)","3"
"Grinnell College","Grinnell","Iowa (IA)","4"
"Grossmont College","El Cajon","California (CA)","3"
"Grove City College","Grove City","Pennsylvania (PA)","5"
"Guilford College","Greensboro","North Carolina (NC)","3"
"Gustavus Adolphus College","Saint Peter","Minnesota (MN)","4"
"Hagerstown Community College","Hagerstown","Maryland (MD)","3"
"Hamilton College","Clinton","New York (NY)","4"
"Hampden-Sydney College","Hampden Sydney","Virginia (VA)","4"
"Harper College","Palatine","Illinois (IL)","3"
"Harris-Stowe State University","Saint Louis","Missouri (MO)","3"
"Hartnell College","Salinas","California (CA)","3"
"Hartwick College","Oneonta","New York (NY)","3"
"Haverford College","Haverford","Pennsylvania (PA)","4"
"Hawaii Pacific University","Honolulu","Hawaii (HI)","3"
"Hazard Community and Technical College","Hazard","Kentucky (KY)","3"
"Hebrew Theological College","Skokie","Illinois (IL)","4"
"Henderson Community College","Henderson","Kentucky (KY)","3"
"High Point University","High Point","North Carolina (NC)","4"
"Highline College","Des Moines","Washington (WA)","3"
"Hiram College","Hiram","Ohio (OH)","4"
"Hofstra University","Hempstead","New York (NY)","3"
"Hollins University","Roanoke","Virginia (VA)","4"
"Holmes Community College","Goodman","Mississippi (MS)","3"
"Holy Family University","Philadelphia","Pennsylvania (PA)","3"
"Holyoke Community College","Holyoke","Massachusetts (MA)","3"
"Hood College","Frederick","Maryland (MD)","4"
"Hope College","Holland","Michigan (MI)","3"
"Hope International University","Fullerton","California (CA)","3"
"Hopkinsville Community College","Hopkinsville","Kentucky (KY)","3"
"Houghton University","Houghton","New York (NY)","3"
"Houston Community College System","Houston","Texas (TX)","3"
"Howard University","Washington","District Of Columbia (DC)","3"
"Hudson Valley Community College","Troy","New York (NY)","3"
"Huntington University","Huntington","Indiana (IN)","3"
"Husson University","Bangor","Maine (ME)","3"
"Idaho State University","Pocatello","Idaho (ID)","3"
"Illinois College","Jacksonville","Illinois (IL)","3"
"Illinois Institute of Technology","Chicago","Illinois (IL)","3"
"Illinois State University","Normal","Illinois (IL)","3"
"Illinois Wesleyan University","Bloomington","Illinois (IL)","4"
"Imperial Valley College","Imperial","California (CA)","3"
"Indian River State College","Fort Pierce","Florida (FL)","3"
"Indiana Institute of Technology","Fort Wayne","Indiana (IN)","4"
"Indiana State University","Terre Haute","Indiana (IN)","3"
"Indiana University Bloomington","Bloomington","Indiana (IN)","3"
"Indiana University East","Richmond","Indiana (IN)","3"
"Indiana University Indianapolis","Indianapolis","Indiana (IN)","3"
"Indiana University Kokomo","Kokomo","Indiana (IN)","3"
"Indiana University Northwest","Gary","Indiana (IN)","3"
"Indiana University South Bend","South Bend","Indiana (IN)","3"
"Indiana University Southeast","New Albany","Indiana (IN)","3"
"Indiana University of Pennsylvania","Indiana","Pennsylvania (PA)","3"
"Indiana Wesleyan University","Marion","Indiana (IN)","3"
"Iona University","New Rochelle","New York (NY)","3"
"Irvine Valley College","Irvine","California (CA)","3"
"Ithaca College","Ithaca","New York (NY)","3"
"Ivy Tech Community College","Indianapolis","Indiana (IN)","3"
"Jackson State Community College","Jackson","Tennessee (TN)","3"
"Jacksonville University","Jacksonville","Florida (FL)","4"
"James A. Rhodes State College","Lima","Ohio (OH)","3"
"Jefferson Community College","Watertown","New York (NY)","3"
"Jefferson Community and Technical College","Louisville","Kentucky (KY)","3"
"John Brown University","Siloam Springs","Arkansas (AR)","3"
"John Carroll University","Cleveland","Ohio (OH)","3"
"Johnson & Wales University: Charlotte","Charlotte","North Carolina (NC)","3"
"Johnson & Wales University: Providence","Providence","Rhode Island (RI)","3"
"Johnson University","Knoxville","Tennessee (TN)","3"
"Joliet Junior College","Joliet","Illinois (IL)","3"
"Juniata College","Huntingdon","Pennsylvania (PA)","4"
"Kalamazoo College","Kalamazoo","Michigan (MI)","4"
"Kankakee Community College","Kankakee","Illinois (IL)","3"
"Kansas State University","Manhattan","Kansas (KS)","3"
"Kansas Wesleyan University","Salina","Kansas (KS)","3"
"Kendall College","Chicago","Illinois (IL)","3"
"Kendall College of Art and Design of Ferris State University","Grand Rapids","Michigan (MI)","3"
"Kennesaw State University","Kennesaw","Georgia (GA)","3"
"Kent State University","Kent","Ohio (OH)","3"
"Kent State University: Ashtabula","Ashtabula","Ohio (OH)","3"
"Kent State University: East Liverpool","East Liverpool","Ohio (OH)","3"
"Kent State University: Geauga","Burton","Ohio (OH)","3"
"Kent State University: Salem","Salem","Ohio (OH)","3"
"Kent State University: Stark","North Canton","Ohio (OH)","3"
"Kent State University: Trumbull","Warren","Ohio (OH)","3"
"Kent State University: Tuscarawas","New Philadelphia","Ohio (OH)","3"
"Kentucky Christian University","Grayson","Kentucky (KY)","3"
"Kentucky State University","Frankfort","Kentucky (KY)","4"
"Kenyon College","Gambier","Ohio (OH)","3"
"Kettering University","Flint","Michigan (MI)","4"
"Keuka College","Keuka Park","New York (NY)","3"
"King University","Bristol","Tennessee (TN)","4"
"Kirtland Community College","Grayling","Michigan (MI)","3"
"Kishwaukee College","Malta","Illinois (IL)","3"
"Knox College","Galesburg","Illinois (IL)","4"
"LIM College","New York","New York (NY)","3"
"LIU Brooklyn","Brooklyn","New York (NY)","3"
"LaGrange College","Lagrange","Georgia (GA)","3"
"Lafayette College","Easton","Pennsylvania (PA)","3"
"Lake Erie College","Painesville","Ohio (OH)","4"
"Lake Forest College","Lake Forest","Illinois (IL)","3"
"Lake Superior College","Duluth","Minnesota (MN)","3"
"Lake Tahoe Community College","South Lake Tahoe","California (CA)","3"
"Lake Washington Institute of Technology","Kirkland","Washington (WA)","3"
"Lake-Sumter State College","Leesburg","Florida (FL)","3"
"Lakeland University","Plymouth","Wisconsin (WI)","3"
"Lamar State College at Port Arthur","Port Arthur","Texas (TX)","3"
"Lamar University","Beaumont","Texas (TX)","3"
"Lambuth University","Jackson","Tennessee (TN)","3"
"Lander University","Greenwood","South Carolina (SC)","3"
"Landmark College","Putney","Vermont (VT)","3"
"Lane Community College","Eugene","Oregon (OR)","3"
"Laney College","Oakland","California (CA)","3"
"Lansing Community College","Lansing","Michigan (MI)","3"
"Las Positas College","Livermore","California (CA)","3"
"Lassen Community College","Susanville","California (CA)","3"
"Laurel Ridge Community College","Middletown","Virginia (VA)","3"
"Lawrence Technological University","Southfield","Michigan (MI)","4"
"Lawrence University","Appleton","Wisconsin (WI)","4"
"Le Moyne College","Syracuse","New York (NY)","4"
"LeTourneau University","Longview","Texas (TX)","3"
"Lebanon Valley College","Annville","Pennsylvania (PA)","4"
"Lehigh Carbon Community College","Schnecksville","Pennsylvania (PA)","3"
"Lehigh University","Bethlehem","Pennsylvania (PA)","4"
"Lesley University","Cambridge","Massachusetts (MA)","4"
"Lewis & Clark College","Portland","Oregon (OR)","4"
"Lewis-Clark State College","Lewiston","Idaho (ID)","3"
"Liberty University","Lynchburg","Virginia (VA)","3"
"Lincoln Land Community College","Springfield","Illinois (IL)","3"
"Lincoln University","Lincoln University","Pennsylvania (PA)","3"
"Linfield University","McMinnville","Oregon (OR)","4"
"Linn-Benton Community College","Albany","Oregon (OR)","3"
"Logan University","Chesterfield","Missouri (MO)","3"
"Long Island University","Greenvale","New York (NY)","3"
"Longwood University","Farmville","Virginia (VA)","3"
"Lorain County Community College","Elyria","Ohio (OH)","3"
"Los Angeles City College","Los Angeles","California (CA)","3"
"Los Angeles Harbor College","Wilmington","California (CA)","3"
"Los Angeles Mission College","Sylmar","California (CA)","3"
"Los Angeles Pierce College","Woodland Hills","California (CA)","3"
"Los Angeles Southwest College","Los Angeles","California (CA)","3"
"Los Angeles Trade and Technical College","Los Angeles","California (CA)","3"
"Los Angeles Valley College","Van Nuys","California (CA)","3"
"Los Medanos College","Pittsburg","California (CA)","3"
"Lower Columbia College","Longview","Washington (WA)","3"
"Loyola Marymount University","Los Angeles","California (CA)","4"
"Loyola University Chicago","Chicago","Illinois (IL)","4"
"Loyola University New Orleans","New Orleans","Louisiana (LA)","4"
"Lubbock Christian University","Lubbock","Texas (TX)","3"
"Luna Community College","Las Vegas","New Mexico (NM)","3"
"Luther College","Decorah","Iowa (IA)","4"
"Lycoming College","Williamsport","Pennsylvania (PA)","4"
"Lynn University","Boca Raton","Florida (FL)","3"
"Macalester College","Saint Paul","Minnesota (MN)","3"
"Macomb Community College","Warren","Michigan (MI)","3"
"Madison Area Technical College","Madison","Wisconsin (WI)","3"
"Madisonville Community College","Madisonville","Kentucky (KY)","3"
"Madonna University","Livonia","Michigan (MI)","4"
"Malone University","Canton","Ohio (OH)","3"
"Manchester University","North Manchester","Indiana (IN)","4"
"Manhattanville University","Purchase","New York (NY)","3"
"Manor College","Jenkintown","Pennsylvania (PA)","3"
"Marian University","Indianapolis","Indiana (IN)","3"
"Marian University","Fond Du Lac","Wisconsin (WI)","3"
"Marietta College","Marietta","Ohio (OH)","3"
"Marion Technical College","Marion","Ohio (OH)","3"
"Marist University","Poughkeepsie","New York (NY)","3"
"Marshall University","Huntington","West Virginia (WV)","3"
"Mary Baldwin University","Staunton","Virginia (VA)","4"
"Maryland Institute College of Art","Baltimore","Maryland (MD)","4"
"Marymount Manhattan College","New York","New York (NY)","4"
"Marymount University","Arlington","Virginia (VA)","4"
"Maryville College","Maryville","Tennessee (TN)","4"
"Maryville University of Saint Louis","Saint Louis","Missouri (MO)","3"
"Marywood University","Scranton","Pennsylvania (PA)","3"
"Massachusetts College of Art and Design","Boston","Massachusetts (MA)","3"
"Massachusetts College of Liberal Arts","North Adams","Massachusetts (MA)","3"
"Massachusetts Institute of Technology","Cambridge","Massachusetts (MA)","5"
"Massachusetts Maritime Academy","Buzzards Bay","Massachusetts (MA)","3"
"Maysville Community And Technical College - Maysville Campus","Maysville","Kentucky (KY)","3"
"McDaniel College","Westminster","Maryland (MD)","4"
"McHenry County College","Crystal Lake","Illinois (IL)","3"
"McKendree University","Lebanon","Illinois (IL)","3"
"Mendocino College","Ukiah","California (CA)","3"
"Menlo College","Atherton","California (CA)","3"
"Merced College","Merced","California (CA)","3"
"Mercer University","Macon","Georgia (GA)","3"
"Mercy College of Health Sciences","Des Moines","Iowa (IA)","3"
"Mercy College of Ohio","Toledo","Ohio (OH)","3"
"Mercy University","Dobbs Ferry","New York (NY)","3"
"Merritt College","Oakland","California (CA)","3"
"Mesa Community College","Mesa","Arizona (AZ)","3"
"Methodist University","Fayetteville","North Carolina (NC)","3"
"Metropolitan State University","Saint Paul","Minnesota (MN)","3"
"Metropolitan State University of Denver","Denver","Colorado (CO)","3"
"Miami Dade College","Miami","Florida (FL)","3"
"Miami University: Hamilton","Hamilton","Ohio (OH)","3"
"Miami University: Middletown","Middletown","Ohio (OH)","3"
"Miami University: Oxford","Oxford","Ohio (OH)","3"
"Michigan State University","East Lansing","Michigan (MI)","3"
"Mid-America Christian University","Oklahoma City","Oklahoma (OK)","3"
"Middle Tennessee State University","Murfreesboro","Tennessee (TN)","3"
"Middlesex Community College Massachusetts","Lowell","Massachusetts (MA)","3"
"Milligan University","Milligan College","Tennessee (TN)","3"
"Millsaps College","Jackson","Mississippi (MS)","3"
"Milwaukee Institute of Art & Design","Milwaukee","Wisconsin (WI)","4"
"Minneapolis College of Art and Design","Minneapolis","Minnesota (MN)","4"
"Minneapolis Community and Technical College","Minneapolis","Minnesota (MN)","3"
"Minnesota State College Southeast","Winona","Minnesota (MN)","3"
"Minnesota State Community and Technical College","Fergus Falls","Minnesota (MN)","3"
"Minnesota State University Moorhead","Moorhead","Minnesota (MN)","3"
"MiraCosta College - Oceanside Campus","Oceanside","California (CA)","3"
"Misericordia University","Dallas","Pennsylvania (PA)","3"
"Mission College","Santa Clara","California (CA)","3"
"Mississippi Gulf Coast Community College Harrison County","Gulfport","Mississippi (MS)","3"
"Missouri State University","Springfield","Missouri (MO)","3"
"Missouri Western State University","Saint Joseph","Missouri (MO)","3"
"Moberly Area Community College","Moberly","Missouri (MO)","3"
"Modesto Junior College","Modesto","California (CA)","4"
"Mohawk Valley Community College","Utica","New York (NY)","3"
"Molloy University","Rockville Centre","New York (NY)","3"
"Monmouth College","Monmouth","Illinois (IL)","3"
"Monmouth University","West Long Branch","New Jersey (NJ)","3"
"Monroe College","New Rochelle","New York (NY)","3"
"Monroe Community College","Rochester","New York (NY)","3"
"Montana State University","Bozeman","Montana (MT)","3"
"Montana State University: Northern","Havre","Montana (MT)","3"
"Montclair State University","Montclair","New Jersey (NJ)","3"
"Monterey Peninsula College","Monterey","California (CA)","3"
"Montgomery County Community College","Blue Bell","Pennsylvania (PA)","3"
"Montserrat College of Art","Beverly","Massachusetts (MA)","4"
"Moody Bible Institute","Chicago","Illinois (IL)","3"
"Moorpark College","Moorpark","California (CA)","3"
"Moravian University","Bethlehem","Pennsylvania (PA)","4"
"Morehead State University","Morehead","Kentucky (KY)","3"
"Moreno Valley College","Moreno Valley","California (CA)","3"
"Morgan Community College","Fort Morgan","Colorado (CO)","3"
"Morgan State University","Baltimore","Maryland (MD)","3"
"Morningside University","Sioux City","Iowa (IA)","3"
"Motlow State Community College","Tullahoma","Tennessee (TN)","3"
"Mott Community College","Flint","Michigan (MI)","3"
"Mount Carmel College of Nursing","Columbus","Ohio (OH)","3"
"Mount Holyoke College","South Hadley","Massachusetts (MA)","4"
"Mount Mary University","Milwaukee","Wisconsin (WI)","3"
"Mount Mercy University","Cedar Rapids","Iowa (IA)","3"
"Mount Saint Mary's University","Los Angeles","California (CA)","4"
"Mount San Antonio College","Walnut","California (CA)","3"
"Mount San Jacinto College","San Jacinto","California (CA)","3"
"Mount St. Joseph University","Cincinnati","Ohio (OH)","3"
"Mount St. Mary's University","Emmitsburg","Maryland (MD)","4"
"Mount Wachusett Community College","Gardner","Massachusetts (MA)","3"
"Mountain Empire Community College","Big Stone Gap","Virginia (VA)","3"
"Mountwest Community And Technical College","Huntington","West Virginia (WV)","3"
"Mt. Hood Community College","Gresham","Oregon (OR)","3"
"Murray State University","Murray","Kentucky (KY)","3"
"Muskingum University","New Concord","Ohio (OH)","3"
"NHTI-Concord's Community College","Concord","New Hampshire (NH)","3"
"Napa Valley College","Napa","California (CA)","3"
"Naropa University","Boulder","Colorado (CO)","3"
"Nassau Community College","Garden City","New York (NY)","3"
"National University","La Jolla","California (CA)","3"
"National-Louis University","Chicago","Illinois (IL)","3"
"Nazareth University","Rochester","New York (NY)","3"
"Nebraska Wesleyan University","Lincoln","Nebraska (NE)","3"
"Neumont College of Computer Science","Salt Lake City","Utah (UT)","3"
"Nevada State University","Henderson","Nevada (NV)","3"
"New College of Florida","Sarasota","Florida (FL)","3"
"New England College","Henniker","New Hampshire (NH)","3"
"New England Conservatory Of Music","Boston","Massachusetts (MA)","4"
"New England Institute of Technology","East Greenwich","Rhode Island (RI)","3"
"New Mexico Highlands University","Las Vegas","New Mexico (NM)","3"
"New Mexico Institute of Mining and Technology","Socorro","New Mexico (NM)","3"
"New Mexico State University","Las Cruces","New Mexico (NM)","3"
"New Mexico State University Dona Ana Community College","Las Cruces","New Mexico (NM)","3"
"New Mexico State University at Alamogordo","Alamogordo","New Mexico (NM)","3"
"New River Community and Technical College","Beaver","West Virginia (WV)","3"
"New School for Jazz and Contemporary Music","New York","New York (NY)","4"
"New York Institute of Technology","Old Westbury","New York (NY)","3"
"New York University","New York","New York (NY)","4"
"New York University Tandon School Of Engineering","Brooklyn","New York (NY)","4"
"Newman University","Wichita","Kansas (KS)","3"
"Niagara University","Niagara University","New York (NY)","3"
"Nicholls State University","Thibodaux","Louisiana (LA)","3"
"Nichols College","Dudley","Massachusetts (MA)","3"
"Nicolet Area Technical College","Rhinelander","Wisconsin (WI)","3"
"Norco College","Norco","California (CA)","3"
"Norfolk State University","Norfolk","Virginia (VA)","3"
"Normandale Community College","Minneapolis","Minnesota (MN)","3"
"North Carolina State University","Raleigh","North Carolina (NC)","3"
"North Central College","Naperville","Illinois (IL)","4"
"North Dakota State University","Fargo","North Dakota (ND)","3"
"North Florida College","Madison","Florida (FL)","3"
"North Greenville University","Tigerville","South Carolina (SC)","3"
"North Seattle College","Seattle","Washington (WA)","3"
"North Shore Community College","Danvers","Massachusetts (MA)","3"
"Northeastern University","Boston","Massachusetts (MA)","4"
"Northern Arizona University","Flagstaff","Arizona (AZ)","3"
"Northern Essex Community College","Haverhill","Massachusetts (MA)","3"
"Northern Illinois University","Dekalb","Illinois (IL)","3"
"Northern Kentucky University","Newport","Kentucky (KY)","3"
"Northern New Mexico College","Espanola","New Mexico (NM)","3"
"Northern State University","Aberdeen","South Dakota (SD)","3"
"Northern Virginia Community College","Annandale","Virginia (VA)","3"
"Northern Virginia Community College - Manassas Campus","Manassas","Virginia (VA)","3"
"Northwest Nazarene University","Nampa","Idaho (ID)","3"
"Northwest State Community College","Archbold","Ohio (OH)","3"
"Northwest University","Kirkland","Washington (WA)","3"
"Northwestern State University Of Louisiana","Natchitoches","Louisiana (LA)","3"
"Northwestern University","Evanston","Illinois (IL)","4"
"Norwich University","Northfield","Vermont (VT)","3"
"Nova Southeastern University","Fort Lauderdale","Florida (FL)","4"
"Oakland Community College","Auburn Hills","Michigan (MI)","3"
"Oakland University","Rochester","Michigan (MI)","3"
"Oakwood University","Huntsville","Alabama (AL)","3"
"Occidental College","Los Angeles","California (CA)","4"
"Oglethorpe University","Brookhaven","Georgia (GA)","4"
"Ohio Dominican University","Columbus","Ohio (OH)","3"
"Ohio State University Agricultural Technical Institute","Wooster","Ohio (OH)","3"
"Ohio State University: Columbus Campus","Columbus","Ohio (OH)","3"
"Ohio State University: Lima Campus","Lima","Ohio (OH)","3"
"Ohio State University: Mansfield Campus","Mansfield","Ohio (OH)","3"
"Ohio State University: Marion Campus","Marion","Ohio (OH)","3"
"Ohio State University: Newark Campus","Newark","Ohio (OH)","3"
"Ohio University","Athens","Ohio (OH)","3"
"Ohio University: Chillicothe Campus","Chillicothe","Ohio (OH)","3"
"Ohio University: Eastern Campus","Saint Clairsville","Ohio (OH)","3"
"Ohio University: Lancaster Campus","Lancaster","Ohio (OH)","3"
"Ohio University: Southern Campus at Ironton","Ironton","Ohio (OH)","3"
"Ohio University: Zanesville Campus","Zanesville","Ohio (OH)","3"
"Ohio Wesleyan University","Delaware","Ohio (OH)","3"
"Ohlone College","Fremont","California (CA)","3"
"Oklahoma City University","Oklahoma City","Oklahoma (OK)","3"
"Oklahoma State University","Stillwater","Oklahoma (OK)","3"
"Oklahoma State University Institute of Technology: Okmulgee","Okmulgee","Oklahoma (OK)","3"
"Old Dominion University","Norfolk","Virginia (VA)","3"
"Olivet Nazarene University","Bourbonnais","Illinois (IL)","3"
"Olympic College","Bremerton","Washington (WA)","3"
"Orange Coast College","Costa Mesa","California (CA)","3"
"Oregon Institute of Technology","Klamath Falls","Oregon (OR)","3"
"Oregon State University","Corvallis","Oregon (OR)","3"
"Otis College of Art and Design","Los Angeles","California (CA)","3"
"Otterbein University","Westerville","Ohio (OH)","3"
"Ouachita Baptist University","Arkadelphia","Arkansas (AR)","4"
"Owens Community College: Findlay","Findlay","Ohio (OH)","3"
"Owensboro Community and Technical College","Owensboro","Kentucky (KY)","3"
"Oxford College Of Emory University","Oxford","Georgia (GA)","4"
"Oxnard College","Oxnard","California (CA)","3"
"Ozark Christian College","Joplin","Missouri (MO)","3"
"Pace University","New York","New York (NY)","4"
"Pace University: Westchester","Pleasantville","New York (NY)","4"
"Pacific Lutheran University","Tacoma","Washington (WA)","3"
"Pacific Union College","Angwin","California (CA)","3"
"Pacific University","Forest Grove","Oregon (OR)","4"
"Palm Beach Atlantic University","West Palm Beach","Florida (FL)","3"
"Palm Beach State College","Lake Worth","Florida (FL)","3"
"Palo Verde College","Blythe","California (CA)","3"
"Palomar College","San Marcos","California (CA)","3"
"Park University","Parkville","Missouri (MO)","3"
"Parkland College","Champaign","Illinois (IL)","3"
"Parsons The New School for Design","New York","New York (NY)","4"
"Pasadena City College","Pasadena","California (CA)","3"
"Pasco-Hernando State College","New Port Richey","Florida (FL)","3"
"Patrick And Henry Community College","Martinsville","Virginia (VA)","3"
"Patrick Henry College","Purcellville","Virginia (VA)","3"
"Peninsula College","Port Angeles","Washington (WA)","3"
"Penn State Abington","Abington","Pennsylvania (PA)","3"
"Penn State Altoona","Altoona","Pennsylvania (PA)","3"
"Penn State Beaver","Monaca","Pennsylvania (PA)","3"
"Penn State Berks","Reading","Pennsylvania (PA)","3"
"Penn State Brandywine","Media","Pennsylvania (PA)","3"
"Penn State DuBois","Du Bois","Pennsylvania (PA)","3"
"Penn State Fayette, The Eberly Campus","Lemont Furnace","Pennsylvania (PA)","3"
"Penn State Greater Allegheny","McKeesport","Pennsylvania (PA)","3"
"Penn State Harrisburg","Middletown","Pennsylvania (PA)","3"
"Penn State Hazleton","Hazleton","Pennsylvania (PA)","3"
"Penn State Lehigh Valley","Center Valley","Pennsylvania (PA)","3"
"Penn State Mont Alto","Mont Alto","Pennsylvania (PA)","3"
"Penn State New Kensington","New Kensington","Pennsylvania (PA)","3"
"Penn State Schuylkill","Schuylkill Haven","Pennsylvania (PA)","3"
"Penn State Shenango","Sharon","Pennsylvania (PA)","3"
"Penn State University Park","University Park","Pennsylvania (PA)","3"
"Penn State Wilkes-Barre","Dallas","Pennsylvania (PA)","3"
"Penn State Worthington Scranton","Dunmore","Pennsylvania (PA)","3"
"Penn State York","York","Pennsylvania (PA)","3"
"Pensacola Christian College","Pensacola","Florida (FL)","4"
"Pensacola State College","Pensacola","Florida (FL)","3"
"Pepperdine University","Malibu","California (CA)","3"
"Peru State College","Peru","Nebraska (NE)","3"
"Phoenix College","Phoenix","Arizona (AZ)","3"
"Piedmont Virginia Community College","Charlottesville","Virginia (VA)","3"
"Pierpont Community and Technical College","Fairmont","West Virginia (WV)","3"
"Pikes Peak State College","Colorado Springs","Colorado (CO)","3"
"Pima Community College","Tucson","Arizona (AZ)","3"
"Pittsburg State University","Pittsburg","Kansas (KS)","3"
"Plymouth State University","Plymouth","New Hampshire (NH)","3"
"Point Loma Nazarene University","San Diego","California (CA)","3"
"Pomona College","Claremont","California (CA)","4"
"Porterville College","Porterville","California (CA)","3"
"Portland Community College","Portland","Oregon (OR)","3"
"Portland State University","Portland","Oregon (OR)","3"
"Potomac State College of West Virginia University","Keyser","West Virginia (WV)","3"
"Prairie State College","Chicago Heights","Illinois (IL)","3"
"Pratt Institute","Brooklyn","New York (NY)","4"
"Prince George's Community College","Upper Marlboro","Maryland (MD)","3"
"Providence College","Providence","Rhode Island (RI)","4"
"Purdue University","West Lafayette","Indiana (IN)","3"
"Purdue University Fort Wayne","Fort Wayne","Indiana (IN)","3"
"Purdue University Northwest","Hammond","Indiana (IN)","3"
"Queens University of Charlotte","Charlotte","North Carolina (NC)","4"
"Quincy University","Quincy","Illinois (IL)","3"
"Radford University","Radford","Virginia (VA)","3"
"Ramapo College of New Jersey","Mahwah","New Jersey (NJ)","4"
"Randolph-Macon College","Ashland","Virginia (VA)","4"
"Reading Area Community College","Reading","Pennsylvania (PA)","3"
"Reed College","Portland","Oregon (OR)","4"
"Reedley College","Reedley","California (CA)","3"
"Regent University","Virginia Beach","Virginia (VA)","3"
"Rensselaer Polytechnic Institute","Troy","New York (NY)","4"
"Renton Technical College","Renton","Washington (WA)","3"
"Rhode Island College","Providence","Rhode Island (RI)","3"
"Rhode Island School Of Design","Providence","Rhode Island (RI)","4"
"Rice University","Houston","Texas (TX)","4"
"Richland Community College","Decatur","Illinois (IL)","3"
"Rider University","Lawrence Township","New Jersey (NJ)","3"
"Ringling College of Art and Design","Sarasota","Florida (FL)","3"
"Rio Hondo College","Whittier","California (CA)","3"
"Rio Salado College","Tempe","Arizona (AZ)","3"
"Ripon College","Ripon","Wisconsin (WI)","4"
"Riverside City College","Riverside","California (CA)","3"
"Rivier University","Nashua","New Hampshire (NH)","3"
"Roane State Community College","Harriman","Tennessee (TN)","3"
"Roanoke College","Salem","Virginia (VA)","3"
"Rochester Institute of Technology","Rochester","New York (NY)","3"
"Rochester University","Rochester Hills","Michigan (MI)","3"
"Rock Valley College","Rockford","Illinois (IL)","3"
"Rockford University","Rockford","Illinois (IL)","3"
"Rocky Mountain College","Billings","Montana (MT)","3"
"Roger Williams University","Bristol","Rhode Island (RI)","3"
"Rogue Community College","Grants Pass","Oregon (OR)","3"
"Rollins College","Winter Park","Florida (FL)","4"
"Roosevelt University","Chicago","Illinois (IL)","3"
"Rose-Hulman Institute of Technology","Terre Haute","Indiana (IN)","4"
"Rosemont College","Bryn Mawr","Pennsylvania (PA)","4"
"Rowan University","Glassboro","New Jersey (NJ)","3"
"Rutgers The State University Of New Jersey","New Brunswick","New Jersey (NJ)","4"
"Rutgers The State University Of New Jersey Camden Campus","Camden","New Jersey (NJ)","4"
"Rutgers The State University Of New Jersey Newark Campus","Newark","New Jersey (NJ)","4"
"SUNY  Oneonta","Oneonta","New York (NY)","3"
"SUNY At Binghamton","Binghamton","New York (NY)","3"
"SUNY Buffalo State University","Buffalo","New York (NY)","3"
"SUNY College at Cortland","Cortland","New York (NY)","3"
"SUNY College at Geneseo","Geneseo","New York (NY)","3"
"SUNY College at Potsdam","Potsdam","New York (NY)","3"
"SUNY College of Agriculture and Technology at Cobleskill","Cobleskill","New York (NY)","3"
"SUNY College of Environmental Science and Forestry","Syracuse","New York (NY)","3"
"SUNY College of Technology at Alfred","Alfred","New York (NY)","3"
"SUNY College of Technology at Delhi","Delhi","New York (NY)","3"
"SUNY Fredonia","Fredonia","New York (NY)","3"
"SUNY Maritime College","Bronx","New York (NY)","3"
"SUNY Morrisville","Morrisville","New York (NY)","3"
"SUNY Niagara","Sanborn","New York (NY)","3"
"SUNY Old Westbury","Old Westbury","New York (NY)","3"
"SUNY Purchase College","Purchase","New York (NY)","3"
"SUNY University at Albany","Albany","New York (NY)","3"
"SUNY University at Buffalo","Buffalo","New York (NY)","3"
"SUNY University at Stony Brook","Stony Brook","New York (NY)","3"
"SUNY Westchester Community College","Valhalla","New York (NY)","3"
"Sacramento City College","Sacramento","California (CA)","3"
"Saddleback College","Mission Viejo","California (CA)","3"
"Saginaw Valley State University","University Center","Michigan (MI)","3"
"Saint Anselm College","Manchester","New Hampshire (NH)","5"
"Saint Johns River State College","Palatka","Florida (FL)","3"
"Saint Joseph's College of Maine","Standish","Maine (ME)","3"
"Saint Joseph's University","Philadelphia","Pennsylvania (PA)","4"
"Saint Leo University","Saint Leo","Florida (FL)","3"
"Saint Louis University","Saint Louis","Missouri (MO)","3"
"Saint Martin's University","Lacey","Washington (WA)","3"
"Saint Mary's College","Notre Dame","Indiana (IN)","4"
"Saint Mary's College of California","Moraga","California (CA)","3"
"Saint Mary's University Of Minnesota","Winona","Minnesota (MN)","3"
"Saint Michael's College","Colchester","Vermont (VT)","3"
"Saint Petersburg College","St Petersburg","Florida (FL)","3"
"Salem State University","Salem","Massachusetts (MA)","3"
"Salt Lake Community College","Salt Lake City","Utah (UT)","3"
"Salve Regina University","Newport","Rhode Island (RI)","5"
"Sam Houston State University","Huntsville","Texas (TX)","3"
"Samford University","Birmingham","Alabama (AL)","3"
"San Bernardino Valley College","San Bernardino","California (CA)","3"
"San Diego Christian College","Santee","California (CA)","3"
"San Diego City College","San Diego","California (CA)","3"
"San Diego Mesa College","San Diego","California (CA)","3"
"San Diego Miramar College","San Diego","California (CA)","3"
"San Diego State University","San Diego","California (CA)","3"
"San Francisco State University","San Francisco","California (CA)","3"
"San Joaquin Delta College","Stockton","California (CA)","3"
"San Jose City College","San Jose","California (CA)","3"
"San Jose State University","San Jose","California (CA)","3"
"Santa Ana College","Santa Ana","California (CA)","3"
"Santa Barbara City College","Santa Barbara","California (CA)","3"
"Santa Clara University","Santa Clara","California (CA)","4"
"Santa Fe College","Gainesville","Florida (FL)","3"
"Santa Fe Community College","Santa Fe","New Mexico (NM)","5"
"Santa Monica College","Santa Monica","California (CA)","3"
"Santiago Canyon College","Orange","California (CA)","3"
"Sarah Lawrence College","Bronxville","New York (NY)","4"
"Sauk Valley Community College","Dixon","Illinois (IL)","3"
"Savannah College of Art and Design","Savannah","Georgia (GA)","3"
"School of the Art Institute of Chicago","Chicago","Illinois (IL)","3"
"School of the Museum of Fine Arts","Boston","Massachusetts (MA)","3"
"Scottsdale Community College","Scottsdale","Arizona (AZ)","3"
"Scripps College","Claremont","California (CA)","4"
"Seattle Central College","Seattle","Washington (WA)","3"
"Seattle Pacific University","Seattle","Washington (WA)","3"
"Seattle University","Seattle","Washington (WA)","3"
"Seminole State College of Florida","Sanford","Florida (FL)","3"
"Seton Hall University","South Orange","New Jersey (NJ)","4"
"Seton Hill University","Greensburg","Pennsylvania (PA)","3"
"Shasta College","Redding","California (CA)","3"
"Shawnee State University","Portsmouth","Ohio (OH)","3"
"Shenandoah University","Winchester","Virginia (VA)","3"
"Shippensburg University of Pennsylvania","Shippensburg","Pennsylvania (PA)","3"
"Siena College","Albany","New York (NY)","4"
"Siena Heights University","Adrian","Michigan (MI)","3"
"Sierra College","Rocklin","California (CA)","3"
"Sierra Nevada University","Incline Village","Nevada (NV)","3"
"Simpson College","Indianola","Iowa (IA)","3"
"Simpson University","Redding","California (CA)","3"
"Sinclair Community College","Dayton","Ohio (OH)","3"
"Skagit Valley College","Mount Vernon","Washington (WA)","3"
"Skidmore College","Saratoga Springs","New York (NY)","4"
"Skyline College","San Bruno","California (CA)","3"
"Slippery Rock University of Pennsylvania","Slippery Rock","Pennsylvania (PA)","3"
"Snow College","Ephraim","Utah (UT)","3"
"Somerset Community College","Somerset","Kentucky (KY)","3"
"Sonoma State University","Rohnert Park","California (CA)","3"
"South Dakota School of Mines and Technology","Rapid City","South Dakota (SD)","3"
"South Dakota State University","Brookings","South Dakota (SD)","3"
"South Piedmont Community College","Polkton","North Carolina (NC)","3"
"South Puget Sound Community College","Tumwater","Washington (WA)","3"
"South Seattle College","Seattle","Washington (WA)","3"
"Southeast Kentucky Community and Technical College","Cumberland","Kentucky (KY)","3"
"Southeastern Baptist Theological Seminary","Wake Forest","North Carolina (NC)","3"
"Southeastern University","Lakeland","Florida (FL)","3"
"Southern Connecticut State University","New Haven","Connecticut (CT)","3"
"Southern Illinois University Carbondale","Carbondale","Illinois (IL)","3"
"Southern Illinois University Edwardsville","Edwardsville","Illinois (IL)","3"
"Southern Methodist University","Dallas","Texas (TX)","4"
"Southern New Hampshire University","Manchester","New Hampshire (NH)","3"
"Southern Oregon University","Ashland","Oregon (OR)","3"
"Southern Polytechnic State University","Marietta","Georgia (GA)","3"
"Southern State Community College","Hillsboro","Ohio (OH)","3"
"Southern Utah University","Cedar City","Utah (UT)","3"
"Southern Virginia University","Buena Vista","Virginia (VA)","3"
"Southern Wesleyan University","Central","South Carolina (SC)","3"
"Southwest Minnesota State University","Marshall","Minnesota (MN)","3"
"Southwestern College","Chula Vista","California (CA)","3"
"Southwestern Illinois College","Belleville","Illinois (IL)","3"
"Southwestern University","Georgetown","Texas (TX)","4"
"Spokane Community College","Spokane","Washington (WA)","3"
"Spokane Falls Community College","Spokane","Washington (WA)","3"
"Springfield College","Springfield","Massachusetts (MA)","3"
"Springfield Technical Community College","Springfield","Massachusetts (MA)","3"
"St John Fisher University","Rochester","New York (NY)","4"
"St Josephs University New York","Brooklyn","New York (NY)","3"
"St. Catherine University","Saint Paul","Minnesota (MN)","4"
"St. Charles Community College","Saint Peters","Missouri (MO)","3"
"St. Edward's University","Austin","Texas (TX)","3"
"St. Francis College","Brooklyn","New York (NY)","3"
"St. Francis University","Loretto","Pennsylvania (PA)","3"
"St. John's University","Collegeville","Minnesota (MN)","4"
"St. Lawrence University","Canton","New York (NY)","4"
"St. Mary's College of Maryland","Saint Marys City","Maryland (MD)","3"
"St. Mary's University","San Antonio","Texas (TX)","3"
"St. Mary-of-the-Woods College","Saint Mary Of The Woods","Indiana (IN)","3"
"St. Norbert College","De Pere","Wisconsin (WI)","3"
"St. Olaf College","Northfield","Minnesota (MN)","4"
"St. Thomas University","Opa Locka","Florida (FL)","3"
"Stanford University","Stanford","California (CA)","5"
"Stark State College","North Canton","Ohio (OH)","3"
"State College of Florida, Manatee-Sarasota","Bradenton","Florida (FL)","3"
"State University Of New York At Oswego","Oswego","New York (NY)","3"
"State University of New York New Paltz","New Paltz","New York (NY)","3"
"Stephens College","Columbia","Missouri (MO)","3"
"Stetson University","Deland","Florida (FL)","3"
"Stevens Institute of Technology","Hoboken","New Jersey (NJ)","4"
"Stevenson University","Stevenson","Maryland (MD)","3"
"Stonehill College","North Easton","Massachusetts (MA)","3"
"Suffolk County Community College","Selden","New York (NY)","3"
"Suffolk University","Boston","Massachusetts (MA)","3"
"Susquehanna University","Selinsgrove","Pennsylvania (PA)","4"
"Swarthmore College","Swarthmore","Pennsylvania (PA)","4"
"Sweet Briar College","Sweet Briar","Virginia (VA)","4"
"Syracuse University","Syracuse","New York (NY)","3"
"Tacoma Community College","Tacoma","Washington (WA)","3"
"Taft College","Taft","California (CA)","3"
"Tallahassee State College","Tallahassee","Florida (FL)","3"
"Taylor University","Upland","Indiana (IN)","4"
"Temple University","Philadelphia","Pennsylvania (PA)","3"
"Tennessee Wesleyan University","Athens","Tennessee (TN)","3"
"Texas A&M University","College Station","Texas (TX)","3"
"Texas A&M University - San Antonio","San Antonio","Texas (TX)","3"
"Texas A&M University Central Texas","Killeen","Texas (TX)","3"
"Texas A&M University Victoria","Victoria","Texas (TX)","3"
"Texas A&M University-Galveston","Galveston","Texas (TX)","3"
"Texas A&M University-Texarkana","Texarkana","Texas (TX)","3"
"Texas State University","San Marcos","Texas (TX)","3"
"Texas Tech University","Lubbock","Texas (TX)","3"
"Texas Tech University Health Sciences Center","Lubbock","Texas (TX)","3"
"Texas Wesleyan University","Fort Worth","Texas (TX)","3"
"Texas Woman's University","Denton","Texas (TX)","3"
"The Citadel","Charleston","South Carolina (SC)","3"
"The College of New Jersey","Ewing","New Jersey (NJ)","5"
"The King's College","New York","New York (NY)","4"
"The Master's University and Seminary","Newhall","California (CA)","3"
"The University of the South","Sewanee","Tennessee (TN)","4"
"Thomas Edison State University","Trenton","New Jersey (NJ)","3"
"Thomas Jefferson University: East Falls","Philadelphia","Pennsylvania (PA)","3"
"Tiffin University","Tiffin","Ohio (OH)","3"
"Tompkins Cortland Community College","Dryden","New York (NY)","3"
"Towson University","Towson","Maryland (MD)","3"
"Transylvania University","Lexington","Kentucky (KY)","4"
"Trevecca Nazarene University","Nashville","Tennessee (TN)","3"
"Trine University","Angola","Indiana (IN)","3"
"Trinity Christian College","Palos Heights","Illinois (IL)","3"
"Trinity College","Hartford","Connecticut (CT)","4"
"Trinity College of Nursing & Health Sciences","Rock Island","Illinois (IL)","3"
"Triton College","River Grove","Illinois (IL)","3"
"Troy University","Troy","Alabama (AL)","3"
"Truman State University","Kirksville","Missouri (MO)","3"
"Tulane University","New Orleans","Louisiana (LA)","4"
"Tulsa Community College","Tulsa","Oklahoma (OK)","3"
"Tusculum University","Greeneville","Tennessee (TN)","3"
"Ulster County Community College","Stone Ridge","New York (NY)","4"
"Union College","Schenectady","New York (NY)","4"
"Union College","Barbourville","Kentucky (KY)","3"
"Union College","Lincoln","Nebraska (NE)","3"
"United States Naval Academy","Annapolis","Maryland (MD)","5"
"Unity Environmental University","Unity","Maine (ME)","3"
"University Of Alabama At Birmingham","Birmingham","Alabama (AL)","3"
"University Of Arizona Global Campus San Diego","San Diego","California (CA)","3"
"University Of Chicago","Chicago","Illinois (IL)","5"
"University Of Colorado Denver","Denver","Colorado (CO)","3"
"University Of Findlay","Findlay","Ohio (OH)","3"
"University Of Illinois Chicago","Chicago","Illinois (IL)","3"
"University Of Illinois Urbana Champaign","Champaign","Illinois (IL)","3"
"University Of Indianapolis","Indianapolis","Indiana (IN)","3"
"University Of Maryland Global Campus","Adelphi","Maryland (MD)","3"
"University Of Massachusetts Global","Irvine","California (CA)","3"
"University Of New Hampshire College Of Professional Studies","Manchester","New Hampshire (NH)","3"
"University Of North Carolina At Wilmington","Wilmington","North Carolina (NC)","3"
"University Of North Carolina School Of The Arts","Winston Salem","North Carolina (NC)","3"
"University Of Pittsburgh At Johnstown","Johnstown","Pennsylvania (PA)","4"
"University Of Silicon Valley","San Jose","California (CA)","3"
"University Of Tennessee Knoxville","Knoxville","Tennessee (TN)","3"
"University Of Tennessee Martin","Martin","Tennessee (TN)","3"
"University Of Tennessee: Chattanooga","Chattanooga","Tennessee (TN)","3"
"University Of Texas Rio Grande Valley","Edinburg","Texas (TX)","3"
"University Of Texas Rio Grande Valley Brownsville","Brownsville","Texas (TX)","3"
"University Of Wisconsin - Green Bay","Green Bay","Wisconsin (WI)","3"
"University Of Wisconsin Parkside","Kenosha","Wisconsin (WI)","3"
"University Of Wisconsin Stevens Point At Marshfield","Marshfield","Wisconsin (WI)","3"
"University Of Wisconsin Stevens Point At Wausau","Wausau","Wisconsin (WI)","3"
"University Of Wisconsin-Milwaukee","Milwaukee","Wisconsin (WI)","3"
"University of Advancing Technology","Tempe","Arizona (AZ)","3"
"University of Akron","Akron","Ohio (OH)","3"
"University of Akron: Wayne College","Orrville","Ohio (OH)","3"
"University of Alabama","Tuscaloosa","Alabama (AL)","3"
"University of Alaska Anchorage","Anchorage","Alaska (AK)","3"
"University of Alaska Fairbanks","Fairbanks","Alaska (AK)","3"
"University of Alaska Southeast","Juneau","Alaska (AK)","3"
"University of Arizona","Tucson","Arizona (AZ)","3"
"University of Arkansas at Little Rock","Little Rock","Arkansas (AR)","3"
"University of Arkansas at Monticello","Monticello","Arkansas (AR)","3"
"University of Baltimore","Baltimore","Maryland (MD)","3"
"University of Bridgeport","Bridgeport","Connecticut (CT)","3"
"University of California: Berkeley","Berkeley","California (CA)","3"
"University of California: Davis","Davis","California (CA)","3"
"University of California: Irvine","Irvine","California (CA)","3"
"University of California: Los Angeles","Los Angeles","California (CA)","3"
"University of California: Merced","Merced","California (CA)","3"
"University of California: Riverside","Riverside","California (CA)","3"
"University of California: San Diego","La Jolla","California (CA)","3"
"University of California: Santa Barbara","Santa Barbara","California (CA)","3"
"University of California: Santa Cruz","Santa Cruz","California (CA)","3"
"University of Central Arkansas","Conway","Arkansas (AR)","3"
"University of Central Florida","Orlando","Florida (FL)","3"
"University of Central Oklahoma","Edmond","Oklahoma (OK)","3"
"University of Cincinnati","Cincinnati","Ohio (OH)","3"
"University of Cincinnati: Blue Ash College","Blue Ash","Ohio (OH)","3"
"University of Cincinnati: Clermont College","Batavia","Ohio (OH)","3"
"University of Colorado Boulder","Boulder","Colorado (CO)","3"
"University of Colorado Colorado Springs","Colorado Springs","Colorado (CO)","3"
"University of Dayton","Dayton","Ohio (OH)","3"
"University of Delaware","Newark","Delaware (DE)","3"
"University of Denver","Denver","Colorado (CO)","3"
"University of Detroit Mercy","Detroit","Michigan (MI)","3"
"University of Florida","Gainesville","Florida (FL)","3"
"University of Georgia","Athens","Georgia (GA)","3"
"University of Hartford","West Hartford","Connecticut (CT)","3"
"University of Hawaii at Hilo","Hilo","Hawaii (HI)","3"
"University of Hawaii at Manoa","Honolulu","Hawaii (HI)","3"
"University of Hawaii: West Oahu","Kapolei","Hawaii (HI)","3"
"University of Houston","Houston","Texas (TX)","3"
"University of Idaho","Moscow","Idaho (ID)","3"
"University of Illinois Extension: Cook County","Matteson","Illinois (IL)","3"
"University of Iowa","Iowa City","Iowa (IA)","4"
"University of Jamestown","Jamestown","North Dakota (ND)","3"
"University of Kansas","Lawrence","Kansas (KS)","3"
"University of Kentucky","Lexington","Kentucky (KY)","3"
"University of La Verne","La Verne","California (CA)","3"
"University of Louisville","Louisville","Kentucky (KY)","3"
"University of Maine at Presque Isle","Presque Isle","Maine (ME)","3"
"University of Mary","Bismarck","North Dakota (ND)","3"
"University of Mary Washington","Fredericksburg","Virginia (VA)","3"
"University of Maryland: Baltimore County","Baltimore","Maryland (MD)","3"
"University of Maryland: College Park","College Park","Maryland (MD)","3"
"University of Maryland: Eastern Shore","Princess Anne","Maryland (MD)","3"
"University of Massachusetts Boston","Dorchester","Massachusetts (MA)","3"
"University of Memphis","Memphis","Tennessee (TN)","3"
"University of Miami","Coral Gables","Florida (FL)","4"
"University of Michigan: Dearborn","Dearborn","Michigan (MI)","3"
"University of Michigan: Flint","Flint","Michigan (MI)","3"
"University of Minnesota: Crookston","Crookston","Minnesota (MN)","3"
"University of Minnesota: Duluth","Duluth","Minnesota (MN)","3"
"University of Mississippi","University","Mississippi (MS)","3"
"University of Missouri: Columbia","Columbia","Missouri (MO)","3"
"University of Missouri: Kansas City","Kansas City","Missouri (MO)","3"
"University of Montana","Missoula","Montana (MT)","3"
"University of Montana Western","Dillon","Montana (MT)","3"
"University of Montevallo","Montevallo","Alabama (AL)","3"
"University of Mount Union","Alliance","Ohio (OH)","3"
"University of Nebraska - Lincoln","Lincoln","Nebraska (NE)","4"
"University of Nebraska - Omaha","Omaha","Nebraska (NE)","4"
"University of Nevada: Las Vegas","Las Vegas","Nevada (NV)","3"
"University of Nevada: Reno","Reno","Nevada (NV)","3"
"University of New England","Biddeford","Maine (ME)","3"
"University of New Hampshire","Durham","New Hampshire (NH)","4"
"University of New Hampshire at Manchester","Manchester","New Hampshire (NH)","4"
"University of New Haven","West Haven","Connecticut (CT)","3"
"University of New Mexico","Albuquerque","New Mexico (NM)","3"
"University of North Carolina at Chapel Hill","Chapel Hill","North Carolina (NC)","3"
"University of North Carolina at Charlotte","Charlotte","North Carolina (NC)","3"
"University of North Carolina at Greensboro","Greensboro","North Carolina (NC)","3"
"University of North Florida","Jacksonville","Florida (FL)","3"
"University of North Georgia","Dahlonega","Georgia (GA)","3"
"University of North Georgia - Gainesville","Oakwood","Georgia (GA)","3"
"University of North Texas","Denton","Texas (TX)","3"
"University of North Texas at Dallas","Dallas","Texas (TX)","3"
"University of Northern Colorado","Greeley","Colorado (CO)","3"
"University of Northern Iowa","Cedar Falls","Iowa (IA)","3"
"University of Northwestern - St. Paul","Saint Paul","Minnesota (MN)","3"
"University of Oklahoma","Norman","Oklahoma (OK)","3"
"University of Oregon","Eugene","Oregon (OR)","3"
"University of Pennsylvania","Philadelphia","Pennsylvania (PA)","5"
"University of Pikeville","Pikeville","Kentucky (KY)","3"
"University of Pittsburgh","Pittsburgh","Pennsylvania (PA)","4"
"University of Pittsburgh at Greensburg","Greensburg","Pennsylvania (PA)","4"
"University of Portland","Portland","Oregon (OR)","4"
"University of Puget Sound","Tacoma","Washington (WA)","4"
"University of Redlands","Redlands","California (CA)","3"
"University of Rhode Island","Kingston","Rhode Island (RI)","3"
"University of Richmond","Richmond","Virginia (VA)","4"
"University of Rio Grande","Rio Grande","Ohio (OH)","3"
"University of Rochester","Rochester","New York (NY)","4"
"University of Saint Joseph","West Hartford","Connecticut (CT)","4"
"University of San Diego","San Diego","California (CA)","4"
"University of San Francisco","San Francisco","California (CA)","3"
"University of Scranton","Scranton","Pennsylvania (PA)","4"
"University of South Carolina: Beaufort","Beaufort","South Carolina (SC)","3"
"University of South Carolina: Columbia","Columbia","South Carolina (SC)","3"
"University of South Carolina: Lancaster","Lancaster","South Carolina (SC)","3"
"University of South Carolina: Salkehatchie","Allendale","South Carolina (SC)","3"
"University of South Carolina: Sumter","Sumter","South Carolina (SC)","3"
"University of South Carolina: Union","Union","South Carolina (SC)","3"
"University of South Dakota","Vermillion","South Dakota (SD)","3"
"University of South Florida","Tampa","Florida (FL)","3"
"University of South Florida: Saint Petersburg","Saint Petersburg","Florida (FL)","3"
"University of South Florida: Sarasota-Manatee","Sarasota","Florida (FL)","3"
"University of Southern California","Los Angeles","California (CA)","4"
"University of Southern Indiana","Evansville","Indiana (IN)","3"
"University of Southern Maine","Portland","Maine (ME)","3"
"University of Southern Mississippi","Hattiesburg","Mississippi (MS)","3"
"University of St. Thomas","Houston","Texas (TX)","3"
"University of St. Thomas","Saint Paul","Minnesota (MN)","3"
"University of Tampa","Tampa","Florida (FL)","3"
"University of Texas at Arlington","Arlington","Texas (TX)","2"
"University of Texas at Austin","Austin","Texas (TX)","3"
"University of Texas at Dallas","Richardson","Texas (TX)","3"
"University of Texas at El Paso","El Paso","Texas (TX)","3"
"University of Texas at San Antonio","San Antonio","Texas (TX)","2"
"University of Texas at Tyler","Tyler","Texas (TX)","3"
"University of Toledo","Toledo","Ohio (OH)","3"
"University of Utah","Salt Lake City","Utah (UT)","3"
"University of Vermont","Burlington","Vermont (VT)","3"
"University of Virginia","Charlottesville","Virginia (VA)","4"
"University of Virginia's College at Wise","Wise","Virginia (VA)","3"
"University of Washington","Seattle","Washington (WA)","3"
"University of Washington Bothell","Bothell","Washington (WA)","3"
"University of Washington Tacoma","Tacoma","Washington (WA)","3"
"University of West Alabama","Livingston","Alabama (AL)","3"
"University of West Florida","Pensacola","Florida (FL)","3"
"University of Wisconsin-Baraboo/Sauk County","Baraboo","Wisconsin (WI)","3"
"University of Wisconsin-Eau Claire","Eau Claire","Wisconsin (WI)","3"
"University of Wisconsin-La Crosse","La Crosse","Wisconsin (WI)","3"
"University of Wisconsin-Madison","Madison","Wisconsin (WI)","3"
"University of Wisconsin-Oshkosh","Oshkosh","Wisconsin (WI)","3"
"University of Wisconsin-Platteville","Platteville","Wisconsin (WI)","3"
"University of Wisconsin-River Falls","River Falls","Wisconsin (WI)","3"
"University of Wisconsin-Stevens Point","Stevens Point","Wisconsin (WI)","3"
"University of Wisconsin-Stout","Menomonie","Wisconsin (WI)","3"
"University of Wisconsin-Superior","Superior","Wisconsin (WI)","3"
"University of Wisconsin-Waukesha","Waukesha","Wisconsin (WI)","3"
"University of Wisconsin-Whitewater","Whitewater","Wisconsin (WI)","3"
"University of the Incarnate Word","San Antonio","Texas (TX)","3"
"University of the Pacific","Stockton","California (CA)","4"
"University of the West","Rosemead","California (CA)","3"
"Upper Iowa University","Fayette","Iowa (IA)","3"
"Ursinus College","Collegeville","Pennsylvania (PA)","5"
"Ursuline College","Cleveland","Ohio (OH)","3"
"Utah State University","Logan","Utah (UT)","3"
"Utah State University Eastern","Price","Utah (UT)","3"
"Utah Tech University","Saint George","Utah (UT)","3"
"Utah Valley University","Orem","Utah (UT)","3"
"Utica University","Utica","New York (NY)","3"
"Valencia College","Orlando","Florida (FL)","3"
"Valparaiso University","Valparaiso","Indiana (IN)","4"
"Vanderbilt University","Nashville","Tennessee (TN)","4"
"Vassar College","Poughkeepsie","New York (NY)","4"
"Ventura College","Ventura","California (CA)","3"
"Victor Valley College","Victorville","California (CA)","3"
"Villanova University","Villanova","Pennsylvania (PA)","4"
"Vincennes University","Vincennes","Indiana (IN)","3"
"Virginia Commonwealth University","Richmond","Virginia (VA)","3"
"Virginia Military Institute","Lexington","Virginia (VA)","3"
"Virginia Polytechnic Institute and State University","Blacksburg","Virginia (VA)","3"
"Virginia Western Community College","Roanoke","Virginia (VA)","3"
"Viterbo University","La Crosse","Wisconsin (WI)","3"
"Volunteer State Community College","Gallatin","Tennessee (TN)","3"
"Wake Forest University","Winston-Salem","North Carolina (NC)","3"
"Walla Walla Community College","Walla Walla","Washington (WA)","3"
"Walters State Community College","Morristown","Tennessee (TN)","3"
"Warner Pacific University","Portland","Oregon (OR)","3"
"Warner University","Lake Wales","Florida (FL)","3"
"Warren Wilson College","Swannanoa","North Carolina (NC)","3"
"Wartburg College","Waverly","Iowa (IA)","4"
"Washington & Jefferson College","Washington","Pennsylvania (PA)","4"
"Washington State College Of Ohio","Marietta","Ohio (OH)","3"
"Washington State University","Pullman","Washington (WA)","3"
"Washington and Lee University","Lexington","Virginia (VA)","5"
"Waubonsee Community College","Sugar Grove","Illinois (IL)","3"
"Wayne Community College","Goldsboro","North Carolina (NC)","3"
"Wayne State University","Detroit","Michigan (MI)","3"
"Waynesburg University","Waynesburg","Pennsylvania (PA)","3"
"Webber International University","Babson Park","Florida (FL)","3"
"Weber State University","Ogden","Utah (UT)","3"
"Webster University","Saint Louis","Missouri (MO)","3"
"Wellesley College","Wellesley","Massachusetts (MA)","5"
"Wenatchee Valley College","Wenatchee","Washington (WA)","3"
"Wentworth Institute Of Technology","Boston","Massachusetts (MA)","3"
"Wesleyan College","Macon","Georgia (GA)","3"
"Wesleyan University","Middletown","Connecticut (CT)","4"
"West Chester University of Pennsylvania","West Chester","Pennsylvania (PA)","3"
"West Hills College: Lemoore","Lemoore","California (CA)","3"
"West Kentucky Community and Technical College","Paducah","Kentucky (KY)","3"
"West Liberty University","West Liberty","West Virginia (WV)","3"
"West Texas A&M University","Canyon","Texas (TX)","3"
"West Valley College","Saratoga","California (CA)","3"
"West Virginia Northern Community College","Wheeling","West Virginia (WV)","3"
"West Virginia State University","Institute","West Virginia (WV)","3"
"West Virginia University","Morgantown","West Virginia (WV)","3"
"West Virginia University Institute of Technology","Beckley","West Virginia (WV)","3"
"West Virginia University at Parkersburg","Parkersburg","West Virginia (WV)","3"
"Western Carolina University","Cullowhee","North Carolina (NC)","3"
"Western Colorado University","Gunnison","Colorado (CO)","3"
"Western Illinois University","Macomb","Illinois (IL)","3"
"Western Kentucky University","Bowling Green","Kentucky (KY)","3"
"Western Michigan University","Kalamazoo","Michigan (MI)","3"
"Western Nevada College","Carson City","Nevada (NV)","3"
"Western New England University","Springfield","Massachusetts (MA)","3"
"Western Oregon University","Monmouth","Oregon (OR)","3"
"Western Washington University","Bellingham","Washington (WA)","3"
"Westfield State University","Westfield","Massachusetts (MA)","3"
"Westminster Choir College of Rider University","Lawrence Township","New Jersey (NJ)","3"
"Westminster College","Fulton","Missouri (MO)","3"
"Westminster College","New Wilmington","Pennsylvania (PA)","4"
"Westminster University","Salt Lake City","Utah (UT)","3"
"Westmont College","Santa Barbara","California (CA)","4"
"Whatcom Community College","Bellingham","Washington (WA)","3"
"Wheaton College","Wheaton","Illinois (IL)","3"
"Wheaton College","Norton","Massachusetts (MA)","4"
"Whitman College","Walla Walla","Washington (WA)","4"
"Whitworth University","Spokane","Washington (WA)","4"
"Widener University","Chester","Pennsylvania (PA)","3"
"Willamette University","Salem","Oregon (OR)","4"
"William Carey University","Hattiesburg","Mississippi (MS)","3"
"William Jessup University","Rocklin","California (CA)","3"
"William Jewell College","Liberty","Missouri (MO)","4"
"William Paterson University of New Jersey","Wayne","New Jersey (NJ)","3"
"William Peace University","Raleigh","North Carolina (NC)","3"
"Williams College","Williamstown","Massachusetts (MA)","1"
"Wilmington University","New Castle","Delaware (DE)","3"
"Wilson College","Chambersburg","Pennsylvania (PA)","4"
"Wingate University","Wingate","North Carolina (NC)","3"
"Winona State University","Winona","Minnesota (MN)","3"
"Winston-Salem State University","Winston Salem","North Carolina (NC)","3"
"Winthrop University","Rock Hill","South Carolina (SC)","3"
"Wittenberg University","Springfield","Ohio (OH)","4"
"Wofford College","Spartanburg","South Carolina (SC)","4"
"Woodbury University","Burbank","California (CA)","3"
"Woodland Community College","Woodland","California (CA)","3"
"Worcester Polytechnic Institute","Worcester","Massachusetts (MA)","4"
"Wright State University","Dayton","Ohio (OH)","3"
"Wright State University: Lake Campus","Celina","Ohio (OH)","3"
"Xavier University","Cincinnati","Ohio (OH)","4"
"Xavier University of Louisiana","New Orleans","Louisiana (LA)","3"
"Yale University","New Haven","Connecticut (CT)","5"
"Young Harris College","Young Harris","Georgia (GA)","4"
"Youngstown State University","Youngstown","Ohio (OH)","3"
"Zane State College","Zanesville","Ohio (OH)","3"